{
    "rmse": 8240.230613663016,
    "mae": 6525.170635064889,
    "r2": 0.9627726168219641
}